name,company,title,email,phone,city,market,segment,category,industry,source,listing_count,contact_readiness,campaign_market,multi_market_contact,sms_exclusion_reason
BOBBY SINGH,"AVISON YOUNG COMMERCIAL REAL ESTATE SERVICES, LP",Commercial real estate contact,,905-712-2100,Kitchener-Waterloo-Guelph,waterloo_region,commercial,commercial_realtor,Commercial Real Estate,listing_market_export,2,direct_contact_available,Kitchener / Waterloo / Guelph,no,duplicate_primary_phone_in_file
BROOKE BOQUIST,"AVISON YOUNG COMMERCIAL REAL ESTATE SERVICES, LP",Commercial real estate contact,,905-712-2100,Kitchener-Waterloo-Guelph,waterloo_region,commercial,commercial_realtor,Commercial Real Estate,listing_market_export,2,direct_contact_available,Kitchener / Waterloo / Guelph,no,duplicate_primary_phone_in_file
COLIN BELL,"AVISON YOUNG COMMERCIAL REAL ESTATE SERVICES, LP",Commercial real estate contact,,905-712-2100,Kitchener-Waterloo-Guelph,waterloo_region,commercial,commercial_realtor,Commercial Real Estate,listing_market_export,4,direct_contact_available,Kitchener / Waterloo / Guelph,no,duplicate_primary_phone_in_file
MIKE TATARSKY,"AVISON YOUNG COMMERCIAL REAL ESTATE SERVICES, LP",Commercial real estate contact,,905-712-2100,Kitchener-Waterloo-Guelph,waterloo_region,commercial,commercial_realtor,Commercial Real Estate,listing_market_export,6,direct_contact_available,Kitchener / Waterloo / Guelph,no,duplicate_primary_phone_in_file
PHILLIP CHEUNG,CBRE LIMITED,Commercial real estate contact,,416-674-7900,Kitchener-Waterloo-Guelph,waterloo_region,commercial,commercial_realtor,Commercial Real Estate,listing_market_export,4,direct_contact_available,Kitchener / Waterloo / Guelph,no,duplicate_primary_phone_in_file
KHUSH RANDHAWA,RE/MAX GOLD REALTY INC.,Commercial real estate contact,,905-673-8500,Kitchener-Waterloo-Guelph,waterloo_region,commercial,commercial_realtor,Commercial Real Estate,listing_market_export,1,direct_contact_available,Kitchener / Waterloo / Guelph,no,duplicate_primary_phone_in_file
ANDREW CIGNA,RE/MAX REAL ESTATE CENTRE INC.,Commercial real estate contact,,289-803-5126,Kitchener-Waterloo-Guelph,waterloo_region,commercial,commercial_realtor,Commercial Real Estate,listing_market_export,3,direct_contact_available,Kitchener / Waterloo / Guelph,no,duplicate_primary_phone_in_file
David Leetham,RE/MAX REALTY ENTERPRISES INC,Commercial real estate contact,,647-937-7653,Kitchener-Waterloo-Guelph,waterloo_region,commercial,commercial_realtor,Commercial Real Estate,listing_market_export,1,direct_contact_available,Kitchener / Waterloo / Guelph,no,duplicate_primary_phone_in_file
KRIS KRAWIEC,RIGHT AT HOME REALTY,Commercial real estate contact,,905-565-9200,Kitchener-Waterloo-Guelph,waterloo_region,commercial,commercial_realtor,Commercial Real Estate,listing_market_export,1,direct_contact_available,Kitchener / Waterloo / Guelph,no,duplicate_primary_phone_in_file
